Marca,Modelo,Capacidade da Bateria (mAh),Memória RAM (GB),Memória de Armazenamento (GB),Bluetooth,NFC,Dual Chip,LTE (4G),Resolução da Câmera (Mpx),Peso (g),Dimensões,"Tamanho da Tela ("")",Sistema Operacional,Versão SO,Processamento (GHz),Link fonte,Data de atualização,Ano do lançamento,Preço (R$),Avaliação do Site,Avaliação dos Usuários
Apple,Apple iPhone 7,1960.0,2.0,128.0,4.2,SIM,NAO,SIM,12.0,138.0,67.1x138.3x7.1,4.7,iOS,,2.4,https://www.kimovil.com/pt/comparar-celulares,08/2019,09/2016,,8.3,8.7
,,,,,,,,,,,,,,,,,,,,,
,,,,,,,,,,,,,,,,,,,,,
Apple,Apple iPhone 8 Plus,2675.0,3.0,256.0,5.0,SIM,NAO,SIM,12.2,202.0,78.1x158.4x7.5,5.5,iOS,,2.4,https://www.kimovil.com/pt/comparar-celulares,08/2019,09/2017,,8.0,8.9
